327,966217823,CPU001,CPU - Bodg50-9051-900-0017 GMR ESC   ,COMPUMAXCOMPUTER,equipo de computo,CPU,2000,Compumax Computer ,400SN39173,CampusLands,no agregado
327,966217823,TOR001,Monitor - Bodg50-9051-900-0017 GMR ESC   ,COMPUMAXCOMPUTER,equipo de computo,MONITOR,1000,Compumax Computer ,COM2024CM21070723,CampusLands,no agregado
327,966217823,ADO001,Teclado - Bodg50-9051-900-0017 GMR ESC   ,COMPUMAXCOMPUTER,equipo de computo,TECLADO,70,Compumax Computer ,KBM130091706,CampusLands,no agregado
327,966217823,AUS001,Mouse - Bodg50-9051-900-0017 GMR ESC   ,COMPUMAXCOMPUTER,equipo de computo,MOUSE,45,Compumax Computer ,Sin serial ,CampusLands,no agregado
327,966217823,CPU002,CPU - Bodg50-9051-900-0017 GMR ESC   ,COMPUMAXCOMPUTER,equipo de computo,CPU,2000,Compumax Computer ,400SN39208,CampusLands,no agregado
327,966217823,TOR002,Monitor - Bodg50-9051-900-0017 GMR ESC   ,COMPUMAXCOMPUTER,equipo de computo,MONITOR,1000,Compumax Computer ,COM2024CM21070880,CampusLands,no agregado
327,966217823,ADO002,Teclado - Bodg50-9051-900-0017 GMR ESC   ,COMPUMAXCOMPUTER,equipo de computo,TECLADO,70,Compumax Computer ,KBM130090718,CampusLands,no agregado
327,966217823,AUS002,Mouse - Bodg50-9051-900-0017 GMR ESC   ,COMPUMAXCOMPUTER,equipo de computo,MOUSE,45,Compumax Computer ,Sin serial ,CampusLands,no agregado
327,966217823,CPU003,CPU - Bodg50-9051-900-0017 GMR ESC   ,COMPUMAXCOMPUTER,equipo de computo,CPU,2000,Compumax Computer ,400SN39182,CampusLands,no agregado
327,966217823,TOR003,Monitor - Bodg50-9051-900-0017 GMR ESC   ,COMPUMAXCOMPUTER,equipo de computo,MONITOR,1000,Compumax Computer ,COM2024CM21070018,CampusLands,no agregado
327,966217823,ADO003,Teclado - Bodg50-9051-900-0017 GMR ESC   ,COMPUMAXCOMPUTER,equipo de computo,TECLADO,70,Compumax Computer ,KBM130090717,CampusLands,no agregado
327,966217823,AUS003,Mouse - Bodg50-9051-900-0017 GMR ESC   ,COMPUMAXCOMPUTER,equipo de computo,MOUSE,45,Compumax Computer ,Sin serial ,CampusLands,no agregado
327,966217823,CPU004,CPU - Bodg50-9051-900-0017 GMR ESC   ,COMPUMAXCOMPUTER,equipo de computo,CPU,2000,Compumax Computer ,400SN39190,CampusLands,no agregado
327,966217823,TOR004,Monitor - Bodg50-9051-900-0017 GMR ESC   ,COMPUMAXCOMPUTER,equipo de computo,MONITOR,1000,Compumax Computer ,COM2024CM21070876,CampusLands,no agregado
327,966217823,ADO004,Teclado - Bodg50-9051-900-0017 GMR ESC   ,COMPUMAXCOMPUTER,equipo de computo,TECLADO,70,Compumax Computer ,KBM130090719,CampusLands,no agregado
327,966217823,AUS004,Mouse - Bodg50-9051-900-0017 GMR ESC   ,COMPUMAXCOMPUTER,equipo de computo,MOUSE,45,Compumax Computer ,Sin serial ,CampusLands,no agregado
327,966217823,CPU005,CPU - Bodg50-9051-900-0017 GMR ESC   ,COMPUMAXCOMPUTER,equipo de computo,CPU,2000,Compumax Computer ,400SN39186,CampusLands,no agregado
327,966217823,TOR005,Monitor - Bodg50-9051-900-0017 GMR ESC   ,COMPUMAXCOMPUTER,equipo de computo,MONITOR,1000,Compumax Computer ,COM2024CM21070838,CampusLands,no agregado
327,966217823,ADO005,Teclado - Bodg50-9051-900-0017 GMR ESC   ,COMPUMAXCOMPUTER,equipo de computo,TECLADO,70,Compumax Computer ,KBM130091718,CampusLands,no agregado
327,966217823,AUS005,Mouse - Bodg50-9051-900-0017 GMR ESC   ,COMPUMAXCOMPUTER,equipo de computo,MOUSE,45,Compumax Computer ,Sin serial ,CampusLands,no agregado
327,966217823,CPU006,CPU - Bodg50-9051-900-0017 GMR ESC   ,COMPUMAXCOMPUTER,equipo de computo,CPU,2000,Compumax Computer ,400SN39198,CampusLands,no agregado
327,966217823,TOR006,Monitor - Bodg50-9051-900-0017 GMR ESC   ,COMPUMAXCOMPUTER,equipo de computo,MONITOR,1000,Compumax Computer ,COM2024CM21070638,CampusLands,no agregado
327,966217823,ADO006,Teclado - Bodg50-9051-900-0017 GMR ESC   ,COMPUMAXCOMPUTER,equipo de computo,TECLADO,70,Compumax Computer ,KBM130091719,CampusLands,no agregado
327,966217823,AUS006,Mouse - Bodg50-9051-900-0017 GMR ESC   ,COMPUMAXCOMPUTER,equipo de computo,MOUSE,45,Compumax Computer ,Sin serial ,CampusLands,no agregado
327,966217823,CPU007,CPU - Bodg50-9051-900-0017 GMR ESC   ,COMPUMAXCOMPUTER,equipo de computo,CPU,2000,Compumax Computer ,102SN55107,CampusLands,no agregado
327,966217823,TOR007,Monitor - Bodg50-9051-900-0017 GMR ESC   ,COMPUMAXCOMPUTER,equipo de computo,MONITOR,1000,Compumax Computer ,COM2024CM21070037,CampusLands,no agregado
327,966217823,ADO007,Teclado - Bodg50-9051-900-0017 GMR ESC   ,COMPUMAXCOMPUTER,equipo de computo,TECLADO,70,Compumax Computer ,KBM130091731,CampusLands,no agregado
327,966217823,AUS007,Mouse - Bodg50-9051-900-0017 GMR ESC   ,COMPUMAXCOMPUTER,equipo de computo,MOUSE,45,Compumax Computer ,Sin serial ,CampusLands,no agregado
327,966217823,CPU008,CPU - Bodg50-9051-900-0017 GMR ESC   ,COMPUMAXCOMPUTER,equipo de computo,CPU,2000,Compumax Computer ,102SN55106,CampusLands,no agregado
327,966217823,TOR008,Monitor - Bodg50-9051-900-0017 GMR ESC   ,COMPUMAXCOMPUTER,equipo de computo,MONITOR,1000,Compumax Computer ,COM2024CM21070115,CampusLands,no agregado
327,966217823,ADO008,Teclado - Bodg50-9051-900-0017 GMR ESC   ,COMPUMAXCOMPUTER,equipo de computo,TECLADO,70,Compumax Computer ,KBM130091732,CampusLands,no agregado
327,966217823,AUS008,Mouse - Bodg50-9051-900-0017 GMR ESC   ,COMPUMAXCOMPUTER,equipo de computo,MOUSE,45,Compumax Computer ,Sin serial ,CampusLands,no agregado
327,966217823,CPU009,CPU - Bodg50-9051-900-0017 GMR ESC   ,COMPUMAXCOMPUTER,equipo de computo,CPU,2000,Compumax Computer ,400SN39204,CampusLands,no agregado
327,966217823,TOR009,Monitor - Bodg50-9051-900-0017 GMR ESC   ,COMPUMAXCOMPUTER,equipo de computo,MONITOR,1000,Compumax Computer ,COM2024CM21070874,CampusLands,no agregado
327,966217823,ADO009,Teclado - Bodg50-9051-900-0017 GMR ESC   ,COMPUMAXCOMPUTER,equipo de computo,TECLADO,70,Compumax Computer ,KBM130090731,CampusLands,no agregado
327,966217823,AUS009,Mouse - Bodg50-9051-900-0017 GMR ESC   ,COMPUMAXCOMPUTER,equipo de computo,MOUSE,45,Compumax Computer ,Sin serial ,CampusLands,no agregado
327,966217823,CPU010,CPU - Bodg50-9051-900-0017 GMR ESC   ,COMPUMAXCOMPUTER,equipo de computo,CPU,2000,Compumax Computer ,400SN39214,CampusLands,no agregado
327,966217823,TOR010,Monitor - Bodg50-9051-900-0017 GMR ESC   ,COMPUMAXCOMPUTER,equipo de computo,MONITOR,1000,Compumax Computer ,COM2024CM21070105,CampusLands,no agregado
327,966217823,ADO010,Teclado - Bodg50-9051-900-0017 GMR ESC   ,COMPUMAXCOMPUTER,equipo de computo,TECLADO,70,Compumax Computer ,KBM130090732,CampusLands,no agregado
327,966217823,AUS010,Mouse - Bodg50-9051-900-0017 GMR ESC   ,COMPUMAXCOMPUTER,equipo de computo,MOUSE,45,Compumax Computer ,Sin serial ,CampusLands,no agregado
327,966217823,CPU011,CPU - Bodg50-9051-900-0017 GMR ESC   ,COMPUMAXCOMPUTER,equipo de computo,CPU,2000,Compumax Computer ,400SN39189,CampusLands,no agregado
327,966217823,TOR011,Monitor - Bodg50-9051-900-0017 GMR ESC   ,COMPUMAXCOMPUTER,equipo de computo,MONITOR,1000,Compumax Computer ,COM2024CM21070010,CampusLands,no agregado
327,966217823,ADO011,Teclado - Bodg50-9051-900-0017 GMR ESC   ,COMPUMAXCOMPUTER,equipo de computo,TECLADO,70,Compumax Computer ,KBM130091733,CampusLands,no agregado
327,966217823,AUS011,Mouse - Bodg50-9051-900-0017 GMR ESC   ,COMPUMAXCOMPUTER,equipo de computo,MOUSE,45,Compumax Computer ,Sin serial ,CampusLands,no agregado
327,966217823,CPU012,CPU - Bodg50-9051-900-0017 GMR ESC   ,COMPUMAXCOMPUTER,equipo de computo,CPU,2000,Compumax Computer ,400SN39223,CampusLands,no agregado
327,966217823,TOR012,Monitor - Bodg50-9051-900-0017 GMR ESC   ,COMPUMAXCOMPUTER,equipo de computo,MONITOR,1000,Compumax Computer ,COM2024CM21070109,CampusLands,no agregado
327,966217823,ADO012,Teclado - Bodg50-9051-900-0017 GMR ESC   ,COMPUMAXCOMPUTER,equipo de computo,TECLADO,70,Compumax Computer ,KBM130090703,CampusLands,no agregado
327,966217823,AUS012,Mouse - Bodg50-9051-900-0017 GMR ESC   ,COMPUMAXCOMPUTER,equipo de computo,MOUSE,45,Compumax Computer ,Sin serial ,CampusLands,no agregado
327,966217823,CPU013,CPU - Bodg50-9051-900-0017 GMR ESC   ,COMPUMAXCOMPUTER,equipo de computo,CPU,2000,Compumax Computer ,400SN39229,CampusLands,no agregado
327,966217823,TOR013,Monitor - Bodg50-9051-900-0017 GMR ESC   ,COMPUMAXCOMPUTER,equipo de computo,MONITOR,1000,Compumax Computer ,COM2024CM21070502,CampusLands,no agregado
327,966217823,ADO013,Teclado - Bodg50-9051-900-0017 GMR ESC   ,COMPUMAXCOMPUTER,equipo de computo,TECLADO,70,Compumax Computer ,KBM130090708,CampusLands,no agregado
327,966217823,AUS013,Mouse - Bodg50-9051-900-0017 GMR ESC   ,COMPUMAXCOMPUTER,equipo de computo,MOUSE,45,Compumax Computer ,Sin serial ,CampusLands,no agregado
327,966217823,CPU014,CPU - Bodg50-9051-900-0017 GMR ESC   ,COMPUMAXCOMPUTER,equipo de computo,CPU,2000,Compumax Computer ,400SN39178,CampusLands,no agregado
327,966217823,TOR014,Monitor - Bodg50-9051-900-0017 GMR ESC   ,COMPUMAXCOMPUTER,equipo de computo,MONITOR,1000,Compumax Computer ,COM2024CM21070136,CampusLands,no agregado
327,966217823,ADO014,Teclado - Bodg50-9051-900-0017 GMR ESC   ,COMPUMAXCOMPUTER,equipo de computo,TECLADO,70,Compumax Computer ,KBM130091708,CampusLands,no agregado
327,966217823,AUS014,Mouse - Bodg50-9051-900-0017 GMR ESC   ,COMPUMAXCOMPUTER,equipo de computo,MOUSE,45,Compumax Computer ,Sin serial ,CampusLands,no agregado
327,966217823,CPU015,CPU - Bodg50-9051-900-0017 GMR ESC   ,COMPUMAXCOMPUTER,equipo de computo,CPU,2000,Compumax Computer ,400SN39196,CampusLands,no agregado
327,966217823,TOR015,Monitor - Bodg50-9051-900-0017 GMR ESC   ,COMPUMAXCOMPUTER,equipo de computo,MONITOR,1000,Compumax Computer ,COM2024CM21070001,CampusLands,no agregado
327,966217823,ADO015,Teclado - Bodg50-9051-900-0017 GMR ESC   ,COMPUMAXCOMPUTER,equipo de computo,TECLADO,70,Compumax Computer ,KBM130091707,CampusLands,no agregado
327,966217823,AUS015,Mouse - Bodg50-9051-900-0017 GMR ESC   ,COMPUMAXCOMPUTER,equipo de computo,MOUSE,45,Compumax Computer ,Sin serial ,CampusLands,no agregado
327,966217823,CPU016,CPU - Bodg50-9051-900-0017 GMR ESC   ,COMPUMAXCOMPUTER,equipo de computo,CPU,2000,Compumax Computer ,102SN55081,CampusLands,no agregado
327,966217823,TOR016,Monitor - Bodg50-9051-900-0017 GMR ESC   ,COMPUMAXCOMPUTER,equipo de computo,MONITOR,1000,Compumax Computer ,COM2024CM21070846,CampusLands,no agregado
327,966217823,ADO016,Teclado - Bodg50-9051-900-0017 GMR ESC   ,COMPUMAXCOMPUTER,equipo de computo,TECLADO,70,Compumax Computer ,KBM130090709,CampusLands,no agregado
327,966217823,AUS016,Mouse - Bodg50-9051-900-0017 GMR ESC   ,COMPUMAXCOMPUTER,equipo de computo,MOUSE,45,Compumax Computer ,Sin serial ,CampusLands,no agregado
327,966217823,CPU017,CPU - Bodg50-9051-900-0017 GMR ESC   ,COMPUMAXCOMPUTER,equipo de computo,CPU,2000,Compumax Computer ,400SN39183,CampusLands,no agregado
327,966217823,TOR017,Monitor - Bodg50-9051-900-0017 GMR ESC   ,COMPUMAXCOMPUTER,equipo de computo,MONITOR,1000,Compumax Computer ,COM2024CM21070211,CampusLands,no agregado
327,966217823,ADO017,Teclado - Bodg50-9051-900-0017 GMR ESC   ,COMPUMAXCOMPUTER,equipo de computo,TECLADO,70,Compumax Computer ,KBM130091709,CampusLands,no agregado
327,966217823,AUS017,Mouse - Bodg50-9051-900-0017 GMR ESC   ,COMPUMAXCOMPUTER,equipo de computo,MOUSE,45,Compumax Computer ,Sin serial ,CampusLands,no agregado
327,966217823,CPU018,CPU - Bodg50-9051-900-0017 GMR ESC   ,COMPUMAXCOMPUTER,equipo de computo,CPU,2000,Compumax Computer ,102SN55098,CampusLands,no agregado
327,966217823,TOR018,Monitor - Bodg50-9051-900-0017 GMR ESC   ,COMPUMAXCOMPUTER,equipo de computo,MONITOR,1000,Compumax Computer ,COM2024CM21070733,CampusLands,no agregado
327,966217823,ADO018,Teclado - Bodg50-9051-900-0017 GMR ESC   ,COMPUMAXCOMPUTER,equipo de computo,TECLADO,70,Compumax Computer ,KBM130090710,CampusLands,no agregado
327,966217823,AUS018,Mouse - Bodg50-9051-900-0017 GMR ESC   ,COMPUMAXCOMPUTER,equipo de computo,MOUSE,45,Compumax Computer ,Sin serial ,CampusLands,no agregado
327,966217823,CPU019,CPU - Bodg50-9051-900-0017 GMR ESC   ,COMPUMAXCOMPUTER,equipo de computo,CPU,2000,Compumax Computer ,102SN55108,CampusLands,no agregado
327,966217823,TOR019,Monitor - Bodg50-9051-900-0017 GMR ESC   ,COMPUMAXCOMPUTER,equipo de computo,MONITOR,1000,Compumax Computer ,COM2024CM21070287,CampusLands,no agregado
327,966217823,ADO019,Teclado - Bodg50-9051-900-0017 GMR ESC   ,COMPUMAXCOMPUTER,equipo de computo,TECLADO,70,Compumax Computer ,KBM130091748,CampusLands,no agregado
327,966217823,AUS019,Mouse - Bodg50-9051-900-0017 GMR ESC   ,COMPUMAXCOMPUTER,equipo de computo,MOUSE,45,Compumax Computer ,Sin serial ,CampusLands,no agregado
327,966217823,CPU020,CPU - Bodg50-9051-900-0017 GMR ESC   ,COMPUMAXCOMPUTER,equipo de computo,CPU,2000,Compumax Computer ,400SN39224,CampusLands,no agregado
327,966217823,TOR020,Monitor - Bodg50-9051-900-0017 GMR ESC   ,COMPUMAXCOMPUTER,equipo de computo,MONITOR,1000,Compumax Computer ,COM2024CM21070629,CampusLands,no agregado
327,966217823,ADO020,Teclado - Bodg50-9051-900-0017 GMR ESC   ,COMPUMAXCOMPUTER,equipo de computo,TECLADO,70,Compumax Computer ,KBM130090748,CampusLands,no agregado
327,966217823,AUS020,Mouse - Bodg50-9051-900-0017 GMR ESC   ,COMPUMAXCOMPUTER,equipo de computo,MOUSE,45,Compumax Computer ,,CampusLands,no agregado
327,966217823,CPU021,CPU - Bodg50-9051-900-0017 GMR ESC   ,COMPUMAXCOMPUTER,equipo de computo,CPU,2000,Compumax Computer ,400SN39179,CampusLands,no agregado
327,966217823,TOR021,Monitor - Bodg50-9051-900-0017 GMR ESC   ,COMPUMAXCOMPUTER,equipo de computo,MONITOR,1000,Compumax Computer ,COM2024CM21070188,CampusLands,no agregado
327,966217823,ADO021,Teclado - Bodg50-9051-900-0017 GMR ESC   ,COMPUMAXCOMPUTER,equipo de computo,TECLADO,70,Compumax Computer ,KBM130090749,CampusLands,no agregado
327,966217823,AUS021,Mouse - Bodg50-9051-900-0017 GMR ESC   ,COMPUMAXCOMPUTER,equipo de computo,MOUSE,45,Compumax Computer ,Sin serial ,CampusLands,no agregado
327,966217823,CPU022,CPU - Bodg50-9051-900-0017 GMR ESC   ,COMPUMAXCOMPUTER,equipo de computo,CPU,2000,Compumax Computer ,102SN55092,CampusLands,no agregado
327,966217823,TOR022,Monitor - Bodg50-9051-900-0017 GMR ESC   ,COMPUMAXCOMPUTER,equipo de computo,MONITOR,1000,Compumax Computer ,COM2024CM21070050,CampusLands,no agregado
327,966217823,ADO022,Teclado - Bodg50-9051-900-0017 GMR ESC   ,COMPUMAXCOMPUTER,equipo de computo,TECLADO,70,Compumax Computer ,KBM130090705,CampusLands,no agregado
327,966217823,AUS022,Mouse - Bodg50-9051-900-0017 GMR ESC   ,COMPUMAXCOMPUTER,equipo de computo,MOUSE,45,Compumax Computer ,Sin serial ,CampusLands,no agregado
327,966217823,CPU023,CPU - Bodg50-9051-900-0017 GMR ESC   ,COMPUMAXCOMPUTER,equipo de computo,CPU,2000,Compumax Computer ,400SN39187,CampusLands,no agregado
327,966217823,TOR023,Monitor - Bodg50-9051-900-0017 GMR ESC   ,COMPUMAXCOMPUTER,equipo de computo,MONITOR,1000,Compumax Computer ,COM2024CM21070663,CampusLands,no agregado
327,966217823,ADO023,Teclado - Bodg50-9051-900-0017 GMR ESC   ,COMPUMAXCOMPUTER,equipo de computo,TECLADO,70,Compumax Computer ,KBM130090733,CampusLands,no agregado
327,966217823,AUS023,Mouse - Bodg50-9051-900-0017 GMR ESC   ,COMPUMAXCOMPUTER,equipo de computo,MOUSE,45,Compumax Computer ,Sin serial ,CampusLands,no agregado
327,966217823,CPU024,CPU - Bodg50-9051-900-0017 GMR ESC   ,COMPUMAXCOMPUTER,equipo de computo,CPU,2000,Compumax Computer ,400SN39200,CampusLands,no agregado
327,966217823,TOR024,Monitor - Bodg50-9051-900-0017 GMR ESC   ,COMPUMAXCOMPUTER,equipo de computo,MONITOR,1000,Compumax Computer ,COM2024CM21070705,CampusLands,no agregado
327,966217823,ADO024,Teclado - Bodg50-9051-900-0017 GMR ESC   ,COMPUMAXCOMPUTER,equipo de computo,TECLADO,70,Compumax Computer ,KBM130091705,CampusLands,no agregado
327,966217823,AUS024,Mouse - Bodg50-9051-900-0017 GMR ESC   ,COMPUMAXCOMPUTER,equipo de computo,MOUSE,45,Compumax Computer ,Sin serial ,CampusLands,no agregado
327,966217823,CPU025,CPU - Bodg50-9051-900-0017 GMR ESC   ,COMPUMAXCOMPUTER,equipo de computo,CPU,2000,Compumax Computer ,102SN55091,CampusLands,no agregado
327,966217823,TOR025,Monitor - Bodg50-9051-900-0017 GMR ESC   ,COMPUMAXCOMPUTER,equipo de computo,MONITOR,1000,Compumax Computer ,COM2024CM21070754,CampusLands,no agregado
327,966217823,ADO025,Teclado - Bodg50-9051-900-0017 GMR ESC   ,COMPUMAXCOMPUTER,equipo de computo,TECLADO,70,Compumax Computer ,KBM130091701,CampusLands,no agregado
327,966217823,AUS025,Mouse - Bodg50-9051-900-0017 GMR ESC   ,COMPUMAXCOMPUTER,equipo de computo,MOUSE,45,Compumax Computer ,Sin serial ,CampusLands,no agregado
327,966217823,CPU026,CPU - Bodg50-9051-900-0017 GMR ESC   ,COMPUMAXCOMPUTER,equipo de computo,CPU,2000,Compumax Computer ,400SN39237,CampusLands,no agregado
327,966217823,TOR026,Monitor - Bodg50-9051-900-0017 GMR ESC   ,COMPUMAXCOMPUTER,equipo de computo,MONITOR,1000,Compumax Computer ,COM2024CM21070394,CampusLands,no agregado
327,966217823,ADO026,Teclado - Bodg50-9051-900-0017 GMR ESC   ,COMPUMAXCOMPUTER,equipo de computo,TECLADO,70,Compumax Computer ,KBM130091751,CampusLands,no agregado
327,966217823,AUS026,Mouse - Bodg50-9051-900-0017 GMR ESC   ,COMPUMAXCOMPUTER,equipo de computo,MOUSE,45,Compumax Computer ,Sin serial ,CampusLands,no agregado
327,966217823,CPU027,CPU - Bodg50-9051-900-0017 GMR ESC   ,COMPUMAXCOMPUTER,equipo de computo,CPU,2000,Compumax Computer ,102SN55099,CampusLands,no agregado
327,966217823,TOR027,Monitor - Bodg50-9051-900-0017 GMR ESC   ,COMPUMAXCOMPUTER,equipo de computo,MONITOR,1000,Compumax Computer ,COM2024CM21070683,CampusLands,no agregado
327,966217823,ADO027,Teclado - Bodg50-9051-900-0017 GMR ESC   ,COMPUMAXCOMPUTER,equipo de computo,TECLADO,70,Compumax Computer ,KBM130090751,CampusLands,no agregado
327,966217823,AUS027,Mouse - Bodg50-9051-900-0017 GMR ESC   ,COMPUMAXCOMPUTER,equipo de computo,MOUSE,45,Compumax Computer ,Sin serial ,CampusLands,no agregado
327,966217823,CPU028,CPU - Bodg50-9051-900-0017 GMR ESC   ,COMPUMAXCOMPUTER,equipo de computo,CPU,2000,Compumax Computer ,400SN39184,CampusLands,no agregado
327,966217823,TOR028,Monitor - Bodg50-9051-900-0017 GMR ESC   ,COMPUMAXCOMPUTER,equipo de computo,MONITOR,1000,Compumax Computer ,COM2024CM21070520,CampusLands,no agregado
327,966217823,ADO028,Teclado - Bodg50-9051-900-0017 GMR ESC   ,COMPUMAXCOMPUTER,equipo de computo,TECLADO,70,Compumax Computer ,KBM130091717,CampusLands,no agregado
327,966217823,AUS028,Mouse - Bodg50-9051-900-0017 GMR ESC   ,COMPUMAXCOMPUTER,equipo de computo,MOUSE,45,Compumax Computer ,Sin serial ,CampusLands,no agregado
327,966217823,CPU029,CPU - Bodg50-9051-900-0017 GMR ESC   ,COMPUMAXCOMPUTER,equipo de computo,CPU,2000,Compumax Computer ,400SN39180,CampusLands,no agregado
327,966217823,TOR029,Monitor - Bodg50-9051-900-0017 GMR ESC   ,COMPUMAXCOMPUTER,equipo de computo,MONITOR,1000,Compumax Computer ,COM2024CM21070374,CampusLands,no agregado
327,966217823,ADO029,Teclado - Bodg50-9051-900-0017 GMR ESC   ,COMPUMAXCOMPUTER,equipo de computo,TECLADO,70,Compumax Computer ,KBM130090704,CampusLands,no agregado
327,966217823,AUS029,Mouse - Bodg50-9051-900-0017 GMR ESC   ,COMPUMAXCOMPUTER,equipo de computo,MOUSE,45,Compumax Computer ,Sin serial ,CampusLands,no agregado
327,966217823,CPU030,CPU - Bodg50-9051-900-0017 GMR ESC   ,COMPUMAXCOMPUTER,equipo de computo,CPU,2000,Compumax Computer ,400SN39199,CampusLands,no agregado
327,966217823,TOR030,Monitor - Bodg50-9051-900-0017 GMR ESC   ,COMPUMAXCOMPUTER,equipo de computo,MONITOR,1000,Compumax Computer ,COM2024CM21070711,CampusLands,no agregado
327,966217823,ADO030,Teclado - Bodg50-9051-900-0017 GMR ESC   ,COMPUMAXCOMPUTER,equipo de computo,TECLADO,70,Compumax Computer ,KBM130091715,CampusLands,no agregado
327,966217823,AUS030,Mouse - Bodg50-9051-900-0017 GMR ESC   ,COMPUMAXCOMPUTER,equipo de computo,MOUSE,45,Compumax Computer ,Sin serial ,CampusLands,no agregado
327,966217823,CPU031,CPU - Bodg50-9051-900-0017 GMR ESC   ,COMPUMAXCOMPUTER,equipo de computo,CPU,2000,Compumax Computer ,102SN55105,CampusLands,no agregado
327,966217823,TOR031,Monitor - Bodg50-9051-900-0017 GMR ESC   ,COMPUMAXCOMPUTER,equipo de computo,MONITOR,1000,Compumax Computer ,COM2024CM21070043,CampusLands,no agregado
327,966217823,ADO031,Teclado - Bodg50-9051-900-0017 GMR ESC   ,COMPUMAXCOMPUTER,equipo de computo,TECLADO,70,Compumax Computer ,UD18J2C00169,CampusLands,no agregado
327,966217823,AUS031,Mouse - Bodg50-9051-900-0017 GMR ESC   ,COMPUMAXCOMPUTER,equipo de computo,MOUSE,45,Compumax Computer ,Sin serial ,CampusLands,no agregado
327,966217823,CPU032,CPU - Bodg50-9051-900-0017 GMR ESC   ,COMPUMAXCOMPUTER,equipo de computo,CPU,2000,Compumax Computer ,102SN55097,CampusLands,no agregado
327,966217823,TOR032,Monitor - Bodg50-9051-900-0017 GMR ESC   ,COMPUMAXCOMPUTER,equipo de computo,MONITOR,1000,Compumax Computer ,COM2024CM21070151,CampusLands,no agregado
327,966217823,ADO032,Teclado - Bodg50-9051-900-0017 GMR ESC   ,COMPUMAXCOMPUTER,equipo de computo,TECLADO,70,Compumax Computer ,KBM130090716,CampusLands,no agregado
327,966217823,AUS032,Mouse - Bodg50-9051-900-0017 GMR ESC   ,COMPUMAXCOMPUTER,equipo de computo,MOUSE,45,Compumax Computer ,Sin serial ,CampusLands,no agregado
327,966217823,CPU033,CPU - Bodg50-9051-900-0017 GMR ESC   ,COMPUMAXCOMPUTER,equipo de computo,CPU,2000,Compumax Computer ,102SN55104,CampusLands,no agregado
327,966217823,TOR033,Monitor - Bodg50-9051-900-0017 GMR ESC   ,COMPUMAXCOMPUTER,equipo de computo,MONITOR,1000,Compumax Computer ,COM2024CM21070127,CampusLands,no agregado
327,966217823,ADO033,Teclado - Bodg50-9051-900-0017 GMR ESC   ,COMPUMAXCOMPUTER,equipo de computo,TECLADO,70,Compumax Computer ,KBM130090715,CampusLands,no agregado
327,966217823,AUS033,Mouse - Bodg50-9051-900-0017 GMR ESC   ,COMPUMAXCOMPUTER,equipo de computo,MOUSE,45,Compumax Computer ,Sin serial ,CampusLands,no agregado
327,966217823,CPU034,CPU - Bodg50-9051-900-0017 GMR ESC   ,COMPUMAXCOMPUTER,equipo de computo,CPU,2000,Compumax Computer ,102SN55084,CampusLands,no agregado
327,966217823,TOR034,Monitor - Bodg50-9051-900-0017 GMR ESC   ,COMPUMAXCOMPUTER,equipo de computo,MONITOR,1000,Compumax Computer ,COM2024CM21070029,CampusLands,no agregado
327,966217823,ADO034,Teclado - Bodg50-9051-900-0017 GMR ESC   ,COMPUMAXCOMPUTER,equipo de computo,TECLADO,70,Compumax Computer ,KBM130091714,CampusLands,no agregado
327,966217823,AUS034,Mouse - Bodg50-9051-900-0017 GMR ESC   ,COMPUMAXCOMPUTER,equipo de computo,MOUSE,45,Compumax Computer ,Sin serial ,CampusLands,no agregado
327,966217823,CPU035,CPU - Bodg50-9051-900-0017 GMR ESC   ,COMPUMAXCOMPUTER,equipo de computo,CPU,2000,Compumax Computer ,400SN39194,CampusLands,no agregado
327,966217823,TOR035,Monitor - Bodg50-9051-900-0017 GMR ESC   ,COMPUMAXCOMPUTER,equipo de computo,MONITOR,1000,Compumax Computer ,COM2024CM21070135,CampusLands,no agregado
327,966217823,ADO035,Teclado - Bodg50-9051-900-0017 GMR ESC   ,COMPUMAXCOMPUTER,equipo de computo,TECLADO,70,Compumax Computer ,KBM130090714,CampusLands,no agregado
327,966217823,AUS035,Mouse - Bodg50-9051-900-0017 GMR ESC   ,COMPUMAXCOMPUTER,equipo de computo,MOUSE,45,Compumax Computer ,Sin serial ,CampusLands,no agregado
327,966217823,CPU036,CPU-Bodg50-9048-900-0044 GMRESC R3,COMPUMAXCOMPUTER,equipo de computo,CPU,2000,Compumax Computer ,400SN39175,CampusLands,no agregado
327,966217823,TOR036,Monitor-Bodg50-9048-900-0044 GMRESC R3,COMPUMAXCOMPUTER,equipo de computo,MONITOR,1000,Compumax Computer ,COM2024CM21070257,CampusLands,no agregado
327,966217823,ADO036,Teclado-Bodg50-9048-900-0044 GMRESC R3,COMPUMAXCOMPUTER,equipo de computo,TECLADO,70,Compumax Computer ,KBM130091739,CampusLands,no agregado
327,966217823,AUS036,Mouse-Bodg50-9048-900-0044 GMRESC R3,COMPUMAXCOMPUTER,equipo de computo,MOUSE,45,Compumax Computer ,Sin serial ,CampusLands,no agregado
327,966217823,CPU037,CPU-Bodg50-9048-900-0044 GMRESC R3,COMPUMAXCOMPUTER,equipo de computo,CPU,2000,Compumax Computer ,400SN39206,CampusLands,no agregado
327,966217823,TOR037,Monitor-Bodg50-9048-900-0044 GMRESC R3,COMPUMAXCOMPUTER,equipo de computo,MONITOR,1000,Compumax Computer ,COM2024CM21070609,CampusLands,no agregado
327,966217823,ADO037,Teclado-Bodg50-9048-900-0044 GMRESC R3,COMPUMAXCOMPUTER,equipo de computo,TECLADO,70,Compumax Computer ,KBM130091743,CampusLands,no agregado
327,966217823,AUS037,Mouse-Bodg50-9048-900-0044 GMRESC R3,COMPUMAXCOMPUTER,equipo de computo,MOUSE,45,Compumax Computer ,Sin serial ,CampusLands,no agregado
327,966217823,CPU038,CPU-Bodg50-9048-900-0044 GMRESC R3,COMPUMAXCOMPUTER,equipo de computo,CPU,2000,Compumax Computer ,400SN39212,CampusLands,no agregado
327,966217823,TOR038,Monitor-Bodg50-9048-900-0044 GMRESC R3,COMPUMAXCOMPUTER,equipo de computo,MONITOR,1000,Compumax Computer ,COM2024CM21070778,CampusLands,no agregado
327,966217823,ADO038,Teclado-Bodg50-9048-900-0044 GMRESC R3,COMPUMAXCOMPUTER,equipo de computo,TECLADO,70,Compumax Computer ,KBM130090742,CampusLands,no agregado
327,966217823,AUS038,Mouse-Bodg50-9048-900-0044 GMRESC R3,COMPUMAXCOMPUTER,equipo de computo,MOUSE,45,Compumax Computer ,Sin serial ,CampusLands,no agregado
327,966217823,CPU039,CPU-Bodg50-9048-900-0044 GMRESC R3,COMPUMAXCOMPUTER,equipo de computo,CPU,2000,Compumax Computer ,400SN39217,CampusLands,no agregado
327,966217823,TOR039,Monitor-Bodg50-9048-900-0044 GMRESC R3,COMPUMAXCOMPUTER,equipo de computo,MONITOR,1000,Compumax Computer ,COM2024CM21070069,CampusLands,no agregado
327,966217823,ADO039,Teclado-Bodg50-9048-900-0044 GMRESC R3,COMPUMAXCOMPUTER,equipo de computo,TECLADO,70,Compumax Computer ,KBM130091742,CampusLands,no agregado
327,966217823,AUS039,Mouse-Bodg50-9048-900-0044 GMRESC R3,COMPUMAXCOMPUTER,equipo de computo,MOUSE,45,Compumax Computer ,Sin serial ,CampusLands,no agregado
327,966217823,CPU040,CPU-Bodg50-9048-900-0044 GMRESC R3,COMPUMAXCOMPUTER,equipo de computo,CPU,2000,Compumax Computer ,400SN39203,CampusLands,no agregado
327,966217823,TOR040,Monitor-Bodg50-9048-900-0044 GMRESC R3,COMPUMAXCOMPUTER,equipo de computo,MONITOR,1000,Compumax Computer ,COM2024CM21070349,CampusLands,no agregado
327,966217823,ADO040,Teclado-Bodg50-9048-900-0044 GMRESC R3,COMPUMAXCOMPUTER,equipo de computo,TECLADO,70,Compumax Computer ,KBM130090743,CampusLands,no agregado
327,966217823,AUS040,Mouse-Bodg50-9048-900-0044 GMRESC R3,COMPUMAXCOMPUTER,equipo de computo,MOUSE,45,Compumax Computer ,Sin serial ,CampusLands,no agregado
327,966217823,CPU041,CPU-Bodg50-9048-900-0044 GMRESC R3,COMPUMAXCOMPUTER,equipo de computo,CPU,2000,Compumax Computer ,400SN39201,CampusLands,no agregado
327,966217823,TOR041,Monitor-Bodg50-9048-900-0044 GMRESC R3,COMPUMAXCOMPUTER,equipo de computo,MONITOR,1000,Compumax Computer ,COM2024CM21070004,CampusLands,no agregado
327,966217823,ADO041,Teclado-Bodg50-9048-900-0044 GMRESC R3,COMPUMAXCOMPUTER,equipo de computo,TECLADO,70,Compumax Computer ,KBM130091710,CampusLands,no agregado
327,966217823,AUS041,Mouse-Bodg50-9048-900-0044 GMRESC R3,COMPUMAXCOMPUTER,equipo de computo,MOUSE,45,Compumax Computer ,Sin serial ,CampusLands,no agregado
327,966217823,CPU042,CPU-Bodg50-9048-900-0044 GMRESC R3,COMPUMAXCOMPUTER,equipo de computo,CPU,2000,Compumax Computer ,400SN39207,CampusLands,no agregado
327,966217823,TOR042,Monitor-Bodg50-9048-900-0044 GMRESC R3,COMPUMAXCOMPUTER,equipo de computo,MONITOR,1000,Compumax Computer ,COM2024CM21070727,CampusLands,no agregado
327,966217823,ADO042,Teclado-Bodg50-9048-900-0044 GMRESC R3,COMPUMAXCOMPUTER,equipo de computo,TECLADO,70,Compumax Computer ,KBM130090728,CampusLands,no agregado
327,966217823,AUS042,Mouse-Bodg50-9048-900-0044 GMRESC R3,COMPUMAXCOMPUTER,equipo de computo,MOUSE,45,Compumax Computer ,Sin serial ,CampusLands,no agregado
327,966217823,CPU043,CPU-Bodg50-9048-900-0044 GMRESC R3,COMPUMAXCOMPUTER,equipo de computo,CPU,2000,Compumax Computer ,400SN39170,CampusLands,no agregado
327,966217823,TOR043,Monitor-Bodg50-9048-900-0044 GMRESC R3,COMPUMAXCOMPUTER,equipo de computo,MONITOR,1000,Compumax Computer ,COM2024CM21070063,CampusLands,no agregado
327,966217823,ADO043,Teclado-Bodg50-9048-900-0044 GMRESC R3,COMPUMAXCOMPUTER,equipo de computo,TECLADO,70,Compumax Computer ,KBM130090729,CampusLands,no agregado
327,966217823,AUS043,Mouse-Bodg50-9048-900-0044 GMRESC R3,COMPUMAXCOMPUTER,equipo de computo,MOUSE,45,Compumax Computer ,Sin serial ,CampusLands,no agregado
327,966217823,CPU044,CPU-Bodg50-9048-900-0044 GMRESC R3,COMPUMAXCOMPUTER,equipo de computo,CPU,2000,Compumax Computer ,400SN39193,CampusLands,no agregado
327,966217823,TOR044,Monitor-Bodg50-9048-900-0044 GMRESC R3,COMPUMAXCOMPUTER,equipo de computo,MONITOR,1000,Compumax Computer ,COM2024CM21070203,CampusLands,no agregado
327,966217823,ADO044,Teclado-Bodg50-9048-900-0044 GMRESC R3,COMPUMAXCOMPUTER,equipo de computo,TECLADO,70,Compumax Computer ,KBM130091734,CampusLands,no agregado
327,966217823,AUS044,Mouse-Bodg50-9048-900-0044 GMRESC R3,COMPUMAXCOMPUTER,equipo de computo,MOUSE,45,Compumax Computer ,Sin serial ,CampusLands,no agregado
327,966217823,CPU045,CPU-Bodg50-9048-900-0044 GMRESC R3,COMPUMAXCOMPUTER,equipo de computo,CPU,2000,Compumax Computer ,400SN39213,CampusLands,no agregado
327,966217823,TOR045,Monitor-Bodg50-9048-900-0044 GMRESC R3,COMPUMAXCOMPUTER,equipo de computo,MONITOR,1000,Compumax Computer ,COM2024CM21070517,CampusLands,no agregado
327,966217823,ADO045,Teclado-Bodg50-9048-900-0044 GMRESC R3,COMPUMAXCOMPUTER,equipo de computo,TECLADO,70,Compumax Computer ,KBM130090735,CampusLands,no agregado
327,966217823,AUS045,Mouse-Bodg50-9048-900-0044 GMRESC R3,COMPUMAXCOMPUTER,equipo de computo,MOUSE,45,Compumax Computer ,Sin serial ,CampusLands,no agregado
327,966217823,CPU046,CPU-Bodg50-9048-900-0044 GMRESC R3,COMPUMAXCOMPUTER,equipo de computo,CPU,2000,Compumax Computer ,400SN39197,CampusLands,no agregado
327,966217823,TOR046,Monitor-Bodg50-9048-900-0044 GMRESC R3,COMPUMAXCOMPUTER,equipo de computo,MONITOR,1000,Compumax Computer ,COM2024CM21070007,CampusLands,no agregado
327,966217823,ADO046,Teclado-Bodg50-9048-900-0044 GMRESC R3,COMPUMAXCOMPUTER,equipo de computo,TECLADO,70,Compumax Computer ,KBM130090734,CampusLands,no agregado
327,966217823,AUS046,Mouse-Bodg50-9048-900-0044 GMRESC R3,COMPUMAXCOMPUTER,equipo de computo,MOUSE,45,Compumax Computer ,Sin serial ,CampusLands,no agregado
327,966217823,CPU047,CPU-Bodg50-9048-900-0044 GMRESC R3,COMPUMAXCOMPUTER,equipo de computo,CPU,2000,Compumax Computer ,102SN55078,CampusLands,no agregado
327,966217823,TOR047,Monitor-Bodg50-9048-900-0044 GMRESC R3,COMPUMAXCOMPUTER,equipo de computo,MONITOR,1000,Compumax Computer ,COM2024CM21070008,CampusLands,no agregado
327,966217823,ADO047,Teclado-Bodg50-9048-900-0044 GMRESC R3,COMPUMAXCOMPUTER,equipo de computo,TECLADO,70,Compumax Computer ,KBM130090750,CampusLands,no agregado
327,966217823,AUS047,Mouse-Bodg50-9048-900-0044 GMRESC R3,COMPUMAXCOMPUTER,equipo de computo,MOUSE,45,Compumax Computer ,Sin serial ,CampusLands,no agregado
327,966217823,CPU048,CPU-Bodg50-9048-900-0044 GMRESC R3,COMPUMAXCOMPUTER,equipo de computo,CPU,2000,Compumax Computer ,102SN55085,CampusLands,no agregado
327,966217823,TOR048,Monitor-Bodg50-9048-900-0044 GMRESC R3,COMPUMAXCOMPUTER,equipo de computo,MONITOR,1000,Compumax Computer ,COM2024CM21070117,CampusLands,no agregado
327,966217823,ADO048,Teclado-Bodg50-9048-900-0044 GMRESC R3,COMPUMAXCOMPUTER,equipo de computo,TECLADO,70,Compumax Computer ,KBM130091713,CampusLands,no agregado
327,966217823,AUS048,Mouse-Bodg50-9048-900-0044 GMRESC R3,COMPUMAXCOMPUTER,equipo de computo,MOUSE,45,Compumax Computer ,Sin serial ,CampusLands,no agregado
327,966217823,CPU049,CPU-Bodg50-9048-900-0044 GMRESC R3,COMPUMAXCOMPUTER,equipo de computo,CPU,2000,Compumax Computer ,400SN39233,CampusLands,no agregado
327,966217823,TOR049,Monitor-Bodg50-9048-900-0044 GMRESC R3,COMPUMAXCOMPUTER,equipo de computo,MONITOR,1000,Compumax Computer ,COM2024CM21070277,CampusLands,no agregado
327,966217823,ADO049,Teclado-Bodg50-9048-900-0044 GMRESC R3,COMPUMAXCOMPUTER,equipo de computo,TECLADO,70,Compumax Computer ,KBM130090713,CampusLands,no agregado
327,966217823,AUS049,Mouse-Bodg50-9048-900-0044 GMRESC R3,COMPUMAXCOMPUTER,equipo de computo,MOUSE,45,Compumax Computer ,Sin serial ,CampusLands,no agregado
327,966217823,CPU050,CPU-Bodg50-9048-900-0044 GMRESC R3,COMPUMAXCOMPUTER,equipo de computo,CPU,2000,Compumax Computer ,102SN55082,CampusLands,no agregado
327,966217823,TOR050,Monitor-Bodg50-9048-900-0044 GMRESC R3,COMPUMAXCOMPUTER,equipo de computo,MONITOR,1000,Compumax Computer ,COM2024CM21070406,CampusLands,no agregado
327,966217823,ADO050,Teclado-Bodg50-9048-900-0044 GMRESC R3,COMPUMAXCOMPUTER,equipo de computo,TECLADO,70,Compumax Computer ,KBM130091712,CampusLands,no agregado
327,966217823,AUS050,Mouse-Bodg50-9048-900-0044 GMRESC R3,COMPUMAXCOMPUTER,equipo de computo,MOUSE,45,Compumax Computer ,Sin serial ,CampusLands,no agregado
327,966217823,CPU051,CPU-Bodg50-9048-900-0044 GMRESC R3,COMPUMAXCOMPUTER,equipo de computo,CPU,2000,Compumax Computer ,102SN55101,CampusLands,no agregado
327,966217823,TOR051,Monitor-Bodg50-9048-900-0044 GMRESC R3,COMPUMAXCOMPUTER,equipo de computo,MONITOR,1000,Compumax Computer ,COM2024CM21070557,CampusLands,no agregado
327,966217823,ADO051,Teclado-Bodg50-9048-900-0044 GMRESC R3,COMPUMAXCOMPUTER,equipo de computo,TECLADO,70,Compumax Computer ,KBM130091711,CampusLands,no agregado
327,966217823,AUS051,Mouse-Bodg50-9048-900-0044 GMRESC R3,COMPUMAXCOMPUTER,equipo de computo,MOUSE,45,Compumax Computer ,Sin serial ,CampusLands,no agregado
327,966217823,CPU052,CPU-Bodg50-9048-900-0044 GMRESC R3,COMPUMAXCOMPUTER,equipo de computo,CPU,2000,Compumax Computer ,400SN39192,CampusLands,no agregado
327,966217823,TOR052,Monitor-Bodg50-9048-900-0044 GMRESC R3,COMPUMAXCOMPUTER,equipo de computo,MONITOR,1000,Compumax Computer ,COM2024CM21070853,CampusLands,no agregado
327,966217823,ADO052,Teclado-Bodg50-9048-900-0044 GMRESC R3,COMPUMAXCOMPUTER,equipo de computo,TECLADO,70,Compumax Computer ,KBM130090712,CampusLands,no agregado
327,966217823,AUS052,Mouse-Bodg50-9048-900-0044 GMRESC R3,COMPUMAXCOMPUTER,equipo de computo,MOUSE,45,Compumax Computer ,Sin serial ,CampusLands,no agregado
327,966217823,CPU053,CPU-Bodg50-9048-900-0044 GMRESC R3,COMPUMAXCOMPUTER,equipo de computo,CPU,2000,Compumax Computer ,400SN39181,CampusLands,no agregado
327,966217823,TOR053,Monitor-Bodg50-9048-900-0044 GMRESC R3,COMPUMAXCOMPUTER,equipo de computo,MONITOR,1000,Compumax Computer ,COM2024CM21070893,CampusLands,no agregado
327,966217823,ADO053,Teclado-Bodg50-9048-900-0044 GMRESC R3,COMPUMAXCOMPUTER,equipo de computo,TECLADO,70,Compumax Computer ,KBM130090711,CampusLands,no agregado
327,966217823,AUS053,Mouse-Bodg50-9048-900-0044 GMRESC R3,COMPUMAXCOMPUTER,equipo de computo,MOUSE,45,Compumax Computer ,Sin serial ,CampusLands,no agregado
327,966217823,CPU054,CPU-Bodg50-9048-900-0044 GMRESC R3,COMPUMAXCOMPUTER,equipo de computo,CPU,2000,Compumax Computer ,400SN39195,CampusLands,no agregado
327,966217823,TOR054,Monitor-Bodg50-9048-900-0044 GMRESC R3,COMPUMAXCOMPUTER,equipo de computo,MONITOR,1000,Compumax Computer ,COM2024CM21070898,CampusLands,no agregado
327,966217823,ADO054,Teclado-Bodg50-9048-900-0044 GMRESC R3,COMPUMAXCOMPUTER,equipo de computo,TECLADO,70,Compumax Computer ,KBM130091741,CampusLands,no agregado
327,966217823,AUS054,Mouse-Bodg50-9048-900-0044 GMRESC R3,COMPUMAXCOMPUTER,equipo de computo,MOUSE,45,Compumax Computer ,Sin serial ,CampusLands,no agregado
327,966217823,CPU055,CPU-Bodg50-9048-900-0044 GMRESC R3,COMPUMAXCOMPUTER,equipo de computo,CPU,2000,Compumax Computer ,400SN39232,CampusLands,no agregado
327,966217823,TOR055,Monitor-Bodg50-9048-900-0044 GMRESC R3,COMPUMAXCOMPUTER,equipo de computo,MONITOR,1000,Compumax Computer ,COM2024CM21070400,CampusLands,no agregado
327,966217823,ADO055,Teclado-Bodg50-9048-900-0044 GMRESC R3,COMPUMAXCOMPUTER,equipo de computo,TECLADO,70,Compumax Computer ,KBM130091740,CampusLands,no agregado
327,966217823,AUS055,Mouse-Bodg50-9048-900-0044 GMRESC R3,COMPUMAXCOMPUTER,equipo de computo,MOUSE,45,Compumax Computer ,Sin serial ,CampusLands,no agregado
327,966217823,CPU056,CPU-Bodg50-9048-900-0044 GMRESC R3,COMPUMAXCOMPUTER,equipo de computo,CPU,2000,Compumax Computer ,400SN39231,CampusLands,no agregado
327,966217823,TOR056,Monitor-Bodg50-9048-900-0044 GMRESC R3,COMPUMAXCOMPUTER,equipo de computo,MONITOR,1000,Compumax Computer ,COM2024CM21070761,CampusLands,no agregado
327,966217823,ADO056,Teclado-Bodg50-9048-900-0044 GMRESC R3,COMPUMAXCOMPUTER,equipo de computo,TECLADO,70,Compumax Computer ,KBM130090739,CampusLands,no agregado
327,966217823,AUS056,Mouse-Bodg50-9048-900-0044 GMRESC R3,COMPUMAXCOMPUTER,equipo de computo,MOUSE,45,Compumax Computer ,Sin serial ,CampusLands,no agregado
327,966217823,CPU057,CPU-Bodg50-9048-900-0044 GMRESC R3,COMPUMAXCOMPUTER,equipo de computo,CPU,2000,Compumax Computer ,400SN39171,CampusLands,no agregado
327,966217823,TOR057,Monitor-Bodg50-9048-900-0044 GMRESC R3,COMPUMAXCOMPUTER,equipo de computo,MONITOR,1000,Compumax Computer ,COM2024CM21070534,CampusLands,no agregado
327,966217823,ADO057,Teclado-Bodg50-9048-900-0044 GMRESC R3,COMPUMAXCOMPUTER,equipo de computo,TECLADO,70,Compumax Computer ,KBM130090741,CampusLands,no agregado
327,966217823,AUS057,Mouse-Bodg50-9048-900-0044 GMRESC R3,COMPUMAXCOMPUTER,equipo de computo,MOUSE,45,Compumax Computer ,Sin serial ,CampusLands,no agregado
327,966217823,CPU058,CPU-Bodg50-9048-900-0044 GMRESC R3,COMPUMAXCOMPUTER,equipo de computo,CPU,2000,Compumax Computer ,400SN39220,CampusLands,no agregado
327,966217823,TOR058,Monitor-Bodg50-9048-900-0044 GMRESC R3,COMPUMAXCOMPUTER,equipo de computo,MONITOR,1000,Compumax Computer ,COM2024CM21070017,CampusLands,no agregado
327,966217823,ADO058,Teclado-Bodg50-9048-900-0044 GMRESC R3,COMPUMAXCOMPUTER,equipo de computo,TECLADO,70,Compumax Computer ,KBM130091750,CampusLands,no agregado
327,966217823,AUS058,Mouse-Bodg50-9048-900-0044 GMRESC R3,COMPUMAXCOMPUTER,equipo de computo,MOUSE,45,Compumax Computer ,Sin serial ,CampusLands,no agregado
327,966217823,CPU059,CPU-Bodg50-9048-900-0044 GMRESC R3,COMPUMAXCOMPUTER,equipo de computo,CPU,2000,Compumax Computer ,102SN55100,CampusLands,no agregado
327,966217823,TOR059,Monitor-Bodg50-9048-900-0044 GMRESC R3,COMPUMAXCOMPUTER,equipo de computo,MONITOR,1000,Compumax Computer ,COM2024CM21070281,CampusLands,no agregado
327,966217823,ADO059,Teclado-Bodg50-9048-900-0044 GMRESC R3,COMPUMAXCOMPUTER,equipo de computo,TECLADO,70,Compumax Computer ,KBM130091749,CampusLands,no agregado
327,966217823,AUS059,Mouse-Bodg50-9048-900-0044 GMRESC R3,COMPUMAXCOMPUTER,equipo de computo,MOUSE,45,Compumax Computer ,Sin serial ,CampusLands,no agregado
327,966217823,CPU060,CPU-Bodg50-9048-900-0044 GMRESC R3,COMPUMAXCOMPUTER,equipo de computo,CPU,2000,Compumax Computer ,400SN39236,CampusLands,no agregado
327,966217823,TOR060,Monitor-Bodg50-9048-900-0044 GMRESC R3,COMPUMAXCOMPUTER,equipo de computo,MONITOR,1000,Compumax Computer ,COM2024CM21070205,CampusLands,no agregado
327,966217823,ADO060,Teclado-Bodg50-9048-900-0044 GMRESC R3,COMPUMAXCOMPUTER,equipo de computo,TECLADO,70,Compumax Computer ,KBM130090740,CampusLands,no agregado
327,966217823,AUS060,Mouse-Bodg50-9048-900-0044 GMRESC R3,COMPUMAXCOMPUTER,equipo de computo,MOUSE,45,Compumax Computer ,Sin serial ,CampusLands,no agregado
327,966217823,CPU061,CPU-Bodg50-9048-900-0044 GMRESC R3,COMPUMAXCOMPUTER,equipo de computo,CPU,2000,Compumax Computer ,400SN39216,CampusLands,no agregado
327,966217823,TOR061,Monitor-Bodg50-9048-900-0044 GMRESC R3,COMPUMAXCOMPUTER,equipo de computo,MONITOR,1000,Compumax Computer ,COM2024CM21070041,CampusLands,no agregado
327,966217823,ADO061,Teclado-Bodg50-9048-900-0044 GMRESC R3,COMPUMAXCOMPUTER,equipo de computo,TECLADO,70,Compumax Computer ,KBM130091728,CampusLands,no agregado
327,966217823,AUS061,Mouse-Bodg50-9048-900-0044 GMRESC R3,COMPUMAXCOMPUTER,equipo de computo,MOUSE,45,Compumax Computer ,Sin serial ,CampusLands,no agregado
327,966217823,CPU062,CPU-Bodg50-9048-900-0044 GMRESC R3,COMPUMAXCOMPUTER,equipo de computo,CPU,2000,Compumax Computer ,400SN39176,CampusLands,no agregado
327,966217823,TOR062,Monitor-Bodg50-9048-900-0044 GMRESC R3,COMPUMAXCOMPUTER,equipo de computo,MONITOR,1000,Compumax Computer ,COM2024CM21070712,CampusLands,no agregado
327,966217823,ADO062,Teclado-Bodg50-9048-900-0044 GMRESC R3,COMPUMAXCOMPUTER,equipo de computo,TECLADO,70,Compumax Computer ,KBM130090727,CampusLands,no agregado
327,966217823,AUS062,Mouse-Bodg50-9048-900-0044 GMRESC R3,COMPUMAXCOMPUTER,equipo de computo,MOUSE,45,Compumax Computer ,Sin serial ,CampusLands,no agregado
327,966217823,CPU063,CPU-Bodg50-9048-900-0044 GMRESC R3,COMPUMAXCOMPUTER,equipo de computo,CPU,2000,Compumax Computer ,102SN55077,CampusLands,no agregado
327,966217823,TOR063,Monitor-Bodg50-9048-900-0044 GMRESC R3,COMPUMAXCOMPUTER,equipo de computo,MONITOR,1000,Compumax Computer ,COM2024CM21070129,CampusLands,no agregado
327,966217823,ADO063,Teclado-Bodg50-9048-900-0044 GMRESC R3,COMPUMAXCOMPUTER,equipo de computo,TECLADO,70,Compumax Computer ,KBM130091727,CampusLands,no agregado
327,966217823,AUS063,Mouse-Bodg50-9048-900-0044 GMRESC R3,COMPUMAXCOMPUTER,equipo de computo,MOUSE,45,Compumax Computer ,Sin serial ,CampusLands,no agregado
327,966217823,CPU064,CPU-Bodg50-9048-900-0044 GMRESC R3,COMPUMAXCOMPUTER,equipo de computo,CPU,2000,Compumax Computer ,400SN39211,CampusLands,no agregado
327,966217823,TOR064,Monitor-Bodg50-9048-900-0044 GMRESC R3,COMPUMAXCOMPUTER,equipo de computo,MONITOR,1000,Compumax Computer ,COM2024CM21070140,CampusLands,no agregado
327,966217823,ADO064,Teclado-Bodg50-9048-900-0044 GMRESC R3,COMPUMAXCOMPUTER,equipo de computo,TECLADO,70,Compumax Computer ,KBM130091726,CampusLands,no agregado
327,966217823,AUS064,Mouse-Bodg50-9048-900-0044 GMRESC R3,COMPUMAXCOMPUTER,equipo de computo,MOUSE,45,Compumax Computer ,Sin serial ,CampusLands,no agregado
327,966217823,CPU065,CPU-Bodg50-9048-900-0044 GMRESC R3,COMPUMAXCOMPUTER,equipo de computo,CPU,2000,Compumax Computer ,400SN39219,CampusLands,no agregado
327,966217823,TOR065,Monitor-Bodg50-9048-900-0044 GMRESC R3,COMPUMAXCOMPUTER,equipo de computo,MONITOR,1000,Compumax Computer ,COM2024CM21070316,CampusLands,no agregado
327,966217823,ADO065,Teclado-Bodg50-9048-900-0044 GMRESC R3,COMPUMAXCOMPUTER,equipo de computo,TECLADO,70,Compumax Computer ,KBM130090725,CampusLands,no agregado
327,966217823,AUS065,Mouse-Bodg50-9048-900-0044 GMRESC R3,COMPUMAXCOMPUTER,equipo de computo,MOUSE,45,Compumax Computer ,Sin serial ,CampusLands,no agregado
327,966217823,CPU066,CPU-Bodg50-9048-900-0044 GMRESC R3,COMPUMAXCOMPUTER,equipo de computo,CPU,2000,Compumax Computer ,102SN55093,CampusLands,no agregado
327,966217823,TOR066,Monitor-Bodg50-9048-900-0044 GMRESC R3,COMPUMAXCOMPUTER,equipo de computo,MONITOR,1000,Compumax Computer ,COM2024CM21070153,CampusLands,no agregado
327,966217823,ADO066,Teclado-Bodg50-9048-900-0044 GMRESC R3,COMPUMAXCOMPUTER,equipo de computo,TECLADO,70,Compumax Computer ,KBM130090726,CampusLands,no agregado
327,966217823,AUS066,Mouse-Bodg50-9048-900-0044 GMRESC R3,COMPUMAXCOMPUTER,equipo de computo,MOUSE,45,Compumax Computer ,Sin serial ,CampusLands,no agregado
327,966217823,CPU067,CPU-Bodg50-9048-900-0044 GMRESC R3,COMPUMAXCOMPUTER,equipo de computo,CPU,2000,Compumax Computer ,400SN39210,CampusLands,no agregado
327,966217823,TOR067,Monitor-Bodg50-9048-900-0044 GMRESC R3,COMPUMAXCOMPUTER,equipo de computo,MONITOR,1000,Compumax Computer ,COM2024CM21070744,CampusLands,no agregado
327,966217823,ADO067,Teclado-Bodg50-9048-900-0044 GMRESC R3,COMPUMAXCOMPUTER,equipo de computo,TECLADO,70,Compumax Computer ,KBM130091752,CampusLands,no agregado
327,966217823,AUS067,Mouse-Bodg50-9048-900-0044 GMRESC R3,COMPUMAXCOMPUTER,equipo de computo,MOUSE,45,Compumax Computer ,Sin serial ,CampusLands,no agregado
327,966217823,CPU068,CPU-Bodg50-9048-900-0044 GMRESC R3,COMPUMAXCOMPUTER,equipo de computo,CPU,2000,Compumax Computer ,400SN39168,CampusLands,no agregado
327,966217823,TOR068,Monitor-Bodg50-9048-900-0044 GMRESC R3,COMPUMAXCOMPUTER,equipo de computo,MONITOR,1000,Compumax Computer ,COM2024CM21070830,CampusLands,no agregado
327,966217823,ADO068,Teclado-Bodg50-9048-900-0044 GMRESC R3,COMPUMAXCOMPUTER,equipo de computo,TECLADO,70,Compumax Computer ,KBM130090753,CampusLands,no agregado
327,966217823,AUS068,Mouse-Bodg50-9048-900-0044 GMRESC R3,COMPUMAXCOMPUTER,equipo de computo,MOUSE,45,Compumax Computer ,Sin serial ,CampusLands,no agregado
327,966217823,CPU069,CPU-Bodg50-9048-900-0044 GMRESC R3,COMPUMAXCOMPUTER,equipo de computo,CPU,2000,Compumax Computer ,400SN39191,CampusLands,no agregado
327,966217823,TOR069,Monitor-Bodg50-9048-900-0044 GMRESC R3,COMPUMAXCOMPUTER,equipo de computo,MONITOR,1000,Compumax Computer ,COM2024CM21070407,CampusLands,no agregado
327,966217823,ADO069,Teclado-Bodg50-9048-900-0044 GMRESC R3,COMPUMAXCOMPUTER,equipo de computo,TECLADO,70,Compumax Computer ,KBM130091753,CampusLands,no agregado
327,966217823,AUS069,Mouse-Bodg50-9048-900-0044 GMRESC R3,COMPUMAXCOMPUTER,equipo de computo,MOUSE,45,Compumax Computer ,Sin serial ,CampusLands,no agregado
